{
  "project_info": {
    "project_number": "430201659289",
    "firebase_url": "https://chatter-b04e7.firebaseio.com",
    "project_id": "chatter-b04e7",
    "storage_bucket": "chatter-b04e7.appspot.com"
  },
  "client": [
    {
      "client_info": {
        "mobilesdk_app_id": "1:430201659289:android:295d3fd36cd3db8a723d08",
        "android_client_info": {
          "package_name": "com.example.chatter"
        }
      },
      "oauth_client": [
        {
          "client_id": "430201659289-1evfrr64k15k5qjgoe46jtc66bjuck2d.apps.googleusercontent.com",
          "client_type": 3
        }
      ],
      "api_key": [
        {
          "current_key": "AIzaSyAT_-ViGdFVe21HEgQeT0mnkbHUhIIOVA0"
        }
      ],
      "services": {
        "appinvite_service": {
          "other_platform_oauth_client": [
            {
              "client_id": "430201659289-1evfrr64k15k5qjgoe46jtc66bjuck2d.apps.googleusercontent.com",
              "client_type": 3
            }
          ]
        }
      }
    }
  ],
  "configuration_version": "1"
}